{
    "Config": {
        "Categories": [
            {
                "Name": "Main Color",
                "Color": {
                    "value0": 0.19607841968536378,
                    "value1": 0.19607841968536378,
                    "value2": 0.19607841968536378
                },
                "Brightness groups": [
                    {
                        "IDs": [
                            6,
                            3,
                            39,
                            9,
                            8,
                            54,
                            53,
                            52,
                            37,
                            46,
                            45,
                            49,
                            2
                        ],
                        "Brightness change": 0.0,
                        "Opacity": 1.0
                    },
                    {
                        "IDs": [
                            5,
                            21,
                            24,
                            13,
                            30,
                            15,
                            27,
                            34,
                            44,
                            47,
                            48,
                            11,
                            12
                        ],
                        "Brightness change": 0.38499999046325686,
                        "Opacity": 1.0
                    },
                    {
                        "IDs": [
                            23,
                            22,
                            18,
                            26,
                            25,
                            32,
                            31,
                            17,
                            16,
                            29,
                            28,
                            19,
                            20,
                            35
                        ],
                        "Brightness change": 0.5519999861717224,
                        "Opacity": 1.0
                    },
                    {
                        "IDs": [
                            4,
                            33,
                            36,
                            10
                        ],
                        "Brightness change": 0.31200000643730166,
                        "Opacity": 1.0
                    },
                    {
                        "IDs": [
                            7,
                            14
                        ],
                        "Brightness change": -0.6669999957084656,
                        "Opacity": 1.0
                    }
                ]
            },
            {
                "Name": "Accent Color",
                "Color": {
                    "value0": 1.0,
                    "value1": 0.6176470518112183,
                    "value2": 0.0
                },
                "Brightness groups": [
                    {
                        "IDs": [
                            38,
                            50,
                            51
                        ],
                        "Brightness change": 0.0,
                        "Opacity": 1.0
                    },
                    {
                        "IDs": [
                            42,
                            43,
                            40,
                            41
                        ],
                        "Brightness change": -0.5099999904632568,
                        "Opacity": 1.0
                    }
                ]
            },
            {
                "Name": "Text",
                "Color": {
                    "value0": 1.0,
                    "value1": 1.0,
                    "value2": 1.0
                },
                "Brightness groups": [
                    {
                        "IDs": [
                            0
                        ],
                        "Brightness change": 1.0,
                        "Opacity": 1.0
                    },
                    {
                        "IDs": [
                            1
                        ],
                        "Brightness change": 1.0,
                        "Opacity": 0.40700000524520876
                    }
                ]
            }
        ],
        "Is Dark Mode": true
    }
}