{
    "Config": {
        "Categories": [
            {
                "Name": "Main Color",
                "Color": {
                    "value0": 1.0,
                    "value1": 0.0,
                    "value2": 0.0
                },
                "Brightness groups": [
                    {
                        "IDs": [
                            0,
                            1,
                            2,
                            3,
                            4,
                            5,
                            6,
                            7,
                            8,
                            9,
                            10,
                            11,
                            12,
                            13,
                            14,
                            15,
                            16,
                            17,
                            18,
                            19,
                            20,
                            21,
                            22,
                            23,
                            24,
                            25,
                            26,
                            27,
                            28,
                            29,
                            30,
                            31,
                            32,
                            33,
                            34,
                            35,
                            36,
                            37,
                            38,
                            39,
                            40,
                            41,
                            42,
                            43,
                            44,
                            45,
                            46,
                            47,
                            48,
                            49,
                            50,
                            51,
                            52,
                            53,
                            54
                        ],
                        "Brightness change": -0.6880000233650208,
                        "Opacity": 1.0
                    }
                ]
            },
            {
                "Name": "Accent Color",
                "Color": {
                    "value0": 1.0,
                    "value1": 0.5392156839370728,
                    "value2": 0.5392156839370728
                },
                "Brightness groups": []
            },
            {
                "Name": "Text",
                "Color": {
                    "value0": 1.0,
                    "value1": 1.0,
                    "value2": 1.0
                },
                "Brightness groups": []
            }
        ],
        "Is Dark Mode": true
    }
}